Date,Email_id,Phone_No.,State,Name,,,,
02-08-2022,Sneha.Sn@gmail.com,8517004883,Karnataka,Sneha,,,,
02-08-2022,Darade sarika.Da@gmail.com,7913018105,Maharashtra,Darade sarika,,,,
02-08-2022,Ruben Kamde.Ru@gmail.com,9671868568,Telangana,Ruben Kamde,,,,
02-08-2022,Latha.La@gmail.com,7323773639,Karnataka,Latha,,,,
02-08-2022,Jayant Prakash Gond .Ja@gmail.com,7310659550,Maharashtra ,Jayant Prakash Gond ,,,,
02-08-2022,Deepak Singh.De@gmail.com,8563981059,West Bengal,Deepak Singh,,,,
02-08-2022,ANIL KUMAR SINGH.AN@gmail.com,9754164096,Madhya Pradesh,ANIL KUMAR SINGH,,,,
03-08-2022,Kamal Kant Dhyani.Ka@gmail.com,9966092600,Uttar Pradesh,Kamal Kant Dhyani,,https,//www.youtube.com/watch?v=dsq818YAS8o,
02-08-2022,Suresh Hooli.Su@gmail.com,9133607847,Karnataka,Suresh Hooli,,,,
03-08-2022,V S Sibi.V @gmail.com,8176957207,Kerala,V S Sibi,,,,
02-08-2022,MD AKIUR RAHMAN.MD@gmail.com,8147945104,JHARKHAND,MD AKIUR RAHMAN,,,,
02-08-2022,Payal Thapa.Pa@gmail.com,9718920787,Delhi,Payal Thapa,,,,
02-08-2022,vishnu sharma.vi@gmail.com,7700374761,Delhi NCR,vishnu sharma,,,,
02-08-2022,Basanta Kumar panigrahi .Ba@gmail.com,8328400418,Odisha ,Basanta Kumar panigrahi ,,,,
02-08-2022,K Sateesh kumar.K @gmail.com,9371240931,Andhra Pradesh,K Sateesh kumar,,,,
02-08-2022,Tanuj Saini.Ta@gmail.com,7041314544,Haryana,Tanuj Saini,,,,
02-08-2022,Neeraj.Ne@gmail.com,8295833382,Delhi,Neeraj,,,,
03-08-2022,Santhosh Kumar Garlapati.Sa@gmail.com,7387009261,Telangana,Santhosh Kumar Garlapati,,,,
03-08-2022,Pathan JafarKhan AyubKhan.Pa@gmail.com,9661777624,Maharashtra,Pathan JafarKhan AyubKhan,,,,
03-08-2022,Shailesh Korgaokar.Sh@gmail.com,9029535801,Maharashtra,Shailesh Korgaokar,,,,
03-08-2022,Sree Vaishnavi J C .Sr@gmail.com,7005585788,Andhra Pradesh,Sree Vaishnavi J C ,,,,
03-08-2022,NISHA THAKUR.NI@gmail.com,8913719583,NEW DELHI,NISHA THAKUR,,,,
03-08-2022,Khushveen Brar .Kh@gmail.com,8456264193,Punjab ,Khushveen Brar ,,,,
03-08-2022,Kirti Aggarwal.Ki@gmail.com,8532135658,Mumbai,Kirti Aggarwal,,,,
03-08-2022,Shashank Deshmukh.Sh@gmail.com,7042714071,Chhattisgarh,Shashank Deshmukh,,,,
03-08-2022,Sayali Patole.Sa@gmail.com,8851317834,MH,Sayali Patole,,,,
03-08-2022,Akash Dixit.Ak@gmail.com,7390412308,Uttar Pradesh,Akash Dixit,,,,
03-08-2022,Debasish Ghoshal.De@gmail.com,9441209757,West Bengal,Debasish Ghoshal,,,,
03-08-2022,Bhavesh sharma.Bh@gmail.com,8956311130,Mp,Bhavesh sharma,,,,
03-08-2022,Gudimella Tirumala Lakshhman.Gu@gmail.com,8639583243,Telangana,Gudimella Tirumala Lakshhman,,,,
03-08-2022,Subash Chandra Dehury.Su@gmail.com,8337116469,Odisha ,Subash Chandra Dehury,,,,
03-08-2022,Onkar Arun Jadhav.On@gmail.com,7580331342,Maharashtra,Onkar Arun Jadhav,,,,
03-08-2022,Rupesh Ambatwad.Ru@gmail.com,9494484419,Maharashtra,Rupesh Ambatwad,,,,
03-08-2022,MAYUR.MA@gmail.com,9777186563,KARNATAKA,MAYUR,,,,
03-08-2022,Sasmita Bauri.Sa@gmail.com,9602135723,Odisha,Sasmita Bauri,,,,
04-08-2022,Kalpesh Jagadale.Ka@gmail.com,7186696575,Maharashtra ,Kalpesh Jagadale,,,,
04-08-2022,Sachin Thorat.Sa@gmail.com,9741534490,Maharashtra,Sachin Thorat,,,,
04-08-2022,Shahul Hameed.Sh@gmail.com,7627129200,Andhra Pradesh,Shahul Hameed,,,,
04-08-2022,Sangita Patel.Sa@gmail.com,8372890582,Orissa,Sangita Patel,,,,
04-08-2022,Hari VK.Ha@gmail.com,9229612656,Kerala,Hari VK,,,,
04-08-2022,M balgopal .M @gmail.com,9137432099,Odisha ,M balgopal ,,,,
04-08-2022,Sangram Behera.Sa@gmail.com,9095232994,ODISHA,Sangram Behera,,,,
04-08-2022,MRUTYUNJAY RANAGE.MR@gmail.com,8414256890,Maharashtra,MRUTYUNJAY RANAGE,,,,
04-08-2022,Syed imran.Sy@gmail.com,7380941666,Andhra Pradesh ,Syed imran,,,,
04-08-2022,KOTTAPALLI GANESH .KO@gmail.com,7057996031,ANDHRAPRADESH ,KOTTAPALLI GANESH ,,,,
04-08-2022,Mayank Agrawal.Ma@gmail.com,7696968068,Haryana,Mayank Agrawal,,,,
04-08-2022,Jaisaf verma.Ja@gmail.com,8828445468,Maharashtra ,Jaisaf verma,,,,
04-08-2022,Ashifkhan Alure .As@gmail.com,9051685805,Maharashtra ,Ashifkhan Alure ,,,,
05-08-2022,Durga Devi Obilisetty.Du@gmail.com,8835935927,Telangana,Durga Devi Obilisetty,,,,
04-08-2022,RUSHABH KAILAS LAHOR.RU@gmail.com,8899918402,MAHARASHTRA,RUSHABH KAILAS LAHOR,,,,
04-08-2022,Shanmukha srinivas.Sh@gmail.com,9432846702,Telengana,Shanmukha srinivas,,,,
04-08-2022,Mayukh Mandal.Ma@gmail.com,7963614608,West Bengal,Mayukh Mandal,,,,
05-08-2022,tamanna hooda.ta@gmail.com,8344235285,Haryana,tamanna hooda,,,,
05-08-2022,Manish Srivastava.Ma@gmail.com,9439060167,Delhi,Manish Srivastava,,,,
05-08-2022,TEGPREET SINGH.TE@gmail.com,9680291170,Punjab,TEGPREET SINGH,,,,
05-08-2022,Satwik Bansal.Sa@gmail.com,7726299525,Rajasthan,Satwik Bansal,,,,
05-08-2022,HARSH KUMAR.HA@gmail.com,9937552838,Delhi,HARSH KUMAR,,,,
05-08-2022,Deepak Chouhan.De@gmail.com,9823731002,Rajasthan,Deepak Chouhan,,,,
05-08-2022,Anentjay Siingh.An@gmail.com,9357354228,West Bengal,Anentjay Siingh,,,,
05-08-2022,aswathy t r.as@gmail.com,9719378353,Kerala,aswathy t r,,,,
05-08-2022,Anjali Kumari.An@gmail.com,9316300527,BR,Anjali Kumari,,,,
05-08-2022,Rishab Rai.Ri@gmail.com,9292218333,Bhopal,Rishab Rai,,,,
05-08-2022,Asmita shende.As@gmail.com,7179305128,Maharashtar ,Asmita shende,,,,
05-08-2022,Ravikant Verma.Ra@gmail.com,8871363745,Chhattisgarh,Ravikant Verma,,,,
05-08-2022,Swetha S.Sw@gmail.com,8052908195,Karnataka,Swetha S,,,,
06-08-2022,Allauddin Shamshuddin Patel.Al@gmail.com,7630981439,Maharashtra,Allauddin Shamshuddin Patel,,,,
06-08-2022,Preeti mittal.Pr@gmail.com,7705250477,Haryana,Preeti mittal,,,,
06-08-2022,Junmoni Nath.Ju@gmail.com,7230765284,Assam,Junmoni Nath,,,,
06-08-2022,Devnath Besra .De@gmail.com,8088772921,Jharkhand ,Devnath Besra ,,,,
06-08-2022,KUDIPUDI NEELAVENI.KU@gmail.com,7778611567,Andra Pradesh,KUDIPUDI NEELAVENI,,,,
06-08-2022,Ganesh Tukaram Kalambe .Ga@gmail.com,9898411659,Maharashtra ,Ganesh Tukaram Kalambe ,,,,
06-08-2022,ALOK SAHA.AL@gmail.com,7855576993,West Bengal,ALOK SAHA,,,,
08-08-2022,Priyanka Ankitkumar Ozarker.Pr@gmail.com,8463322027,Gujarat,Priyanka Ankitkumar Ozarker,,,,
06-08-2022,Pruthveerajsingh Chouhan.Pr@gmail.com,9344261263,Maharashtra,Pruthveerajsingh Chouhan,,,,
06-08-2022,Ankur Goyal.An@gmail.com,9742360468,CHATTISGARH,Ankur Goyal,,,,
08-08-2022,Sonu Ansari.So@gmail.com,7288811886,Jharkhand,Sonu Ansari,,,,
08-08-2022,Jay Singh.Ja@gmail.com,8134391134,Gujarat,Jay Singh,,,,
08-08-2022,Prajakta.Pr@gmail.com,8038329910,Sadavarte,Prajakta,,,,
08-08-2022,Manjiri Biradar.Ma@gmail.com,9859238245,Goa,Manjiri Biradar,,,,
08-08-2022,ganesh.ga@gmail.com,9782003267,Telangana,ganesh,,,,
08-08-2022,Leena saldanha .Le@gmail.com,9980108260,Karnataka ,Leena saldanha ,,,,
08-08-2022,Raghav Dixit .Ra@gmail.com,9389142789,Rajasthan ,Raghav Dixit ,,,,
08-08-2022,SAMEENA ZARREEN.SA@gmail.com,9567748810,BIHAR,SAMEENA ZARREEN,,,,
08-08-2022,Amar Sen.Am@gmail.com,7312364638,Uttar Pradesh,Amar Sen,,,,
08-08-2022,Prince Sharma .Pr@gmail.com,7879100681,Chandigarh ,Prince Sharma ,,,,
08-08-2022,Basavaraj M Karvekar.Ba@gmail.com,9782089046,Karnataka ,Basavaraj M Karvekar,,,,
08-08-2022,Keertit Gaur.Ke@gmail.com,8402472470,Uttar Pradesh,Keertit Gaur,,,,
08-08-2022,Aftab Ali.Af@gmail.com,9719883005,West Bengal,Aftab Ali,,,,
08-08-2022,YUVRAJ SUPARE.YU@gmail.com,9860755573,Maharashtra,YUVRAJ SUPARE,,,,
08-08-2022,Sandeep kumar.Sa@gmail.com,7181991175,uttar pradesh,Sandeep kumar,,,,
08-08-2022,shivam sahni.sh@gmail.com,7204640167,uttar pradesh,shivam sahni,,,,
08-08-2022,Tasleem Fathima .Ta@gmail.com,8641171071,Telangana ,Tasleem Fathima ,,,,
08-08-2022,Utpalendu Das.Ut@gmail.com,7209349310,Maharashtra,Utpalendu Das,,,,
08-08-2022,Kalpana Raval.Ka@gmail.com,9659999573,Karnataka,Kalpana Raval,,,,
08-08-2022,Rahul Chand.Ra@gmail.com,8671732818,Uttar Pradesh,Rahul Chand,,,,
10-08-2022,SAURABH RAI .SA@gmail.com,7559104626,Madhya Pradesh ,SAURABH RAI ,,,,
08-08-2022,Sayanti Guha.Sa@gmail.com,7991892406,West Bengal,Sayanti Guha,,,,
08-08-2022,Hrutidipan Pradhan.Hr@gmail.com,9918505047,Odisha,Hrutidipan Pradhan,,,,
08-08-2022,Ritwik Vats.Ri@gmail.com,7696010041,Haryana,Ritwik Vats,,,,
08-08-2022,Abdul Khaliq.Ab@gmail.com,7756740926,Delhi,Abdul Khaliq,,,,
08-08-2022,raj bty.ra@gmail.com,7930050912,New Delhi,raj bty,,,,
08-08-2022,Sanket Shashikant Kadam .Sa@gmail.com,8083334218,Maharashtra ,Sanket Shashikant Kadam ,,,,
08-08-2022,saurabh tale.sa@gmail.com,9789581156,Maharashtra,saurabh tale,,,,
10-08-2022,Merwyn Silveira.Me@gmail.com,7816136980,Maharashtra,Merwyn Silveira,,,,
10-08-2022,Mohammed Musaddiquddin.Mo@gmail.com,9815382918,Maharashtra,Mohammed Musaddiquddin,,,,
10-08-2022,Partha Sarathi Dash.Pa@gmail.com,8851086101,Telangana,Partha Sarathi Dash,,,,
10-08-2022,Shivam Kumar Pandey .Sh@gmail.com,8885190093,West Bengal ,Shivam Kumar Pandey ,,,,
10-08-2022,Kiran Singh.Ki@gmail.com,7420140310,West Bengal ,Kiran Singh,,,,
10-08-2022,Om Maithani .Om@gmail.com,8468925775,Gujarat,Om Maithani ,,,,
10-08-2022,Ganesh Shankar Sharma.Ga@gmail.com,9330488375,Uttar Pradesh,Ganesh Shankar Sharma,,,,
10-08-2022,Aaditya.Aa@gmail.com,7776134123,ghaziabad,Aaditya,,,,
10-08-2022,Nishant Kumar .Ni@gmail.com,8701650004,Jharkhand,Nishant Kumar ,,,,
10-08-2022,Ankit Asthana.An@gmail.com,8505912668,Delhi,Ankit Asthana,,,,
10-08-2022,Mehul Gupta.Me@gmail.com,8536991820,Maharashtra,Mehul Gupta,,,,
10-08-2022,Jai Mittal.Ja@gmail.com,8825580816,Haryana Delhi NCR,Jai Mittal,,,,
10-08-2022,BHARAT SINGH.BH@gmail.com,7611698260,JHARKHAND,BHARAT SINGH,,,,
10-08-2022,Mokshika.Mo@gmail.com,9221320053,Delhi,Mokshika,,,,
10-08-2022,ARSHAD WAHAB.AR@gmail.com,9342928351,ASSAM,ARSHAD WAHAB,,,,
11-08-2022,RAVIRAJ PADARIYA.RA@gmail.com,7227684699,Gujarat ,RAVIRAJ PADARIYA,,,,
10-08-2022,Alok Gupta.Al@gmail.com,9525334118,Uttar Pradesh,Alok Gupta,,,,
10-08-2022,Tapendra sendre.Ta@gmail.com,7808021663,CHHATTISGARH,Tapendra sendre,,,,
10-08-2022,Ayush Singla.Ay@gmail.com,9242885502,Delhi,Ayush Singla,,,,
10-08-2022,sowmya sri.so@gmail.com,7873734672,ANDHRA PRADESH,sowmya sri,,,,
10-08-2022,Baisali patra.Ba@gmail.com,8285935729,India,Baisali patra,,,,
10-08-2022,Zeeshan Yaseen sange.Ze@gmail.com,9786763581,Maharashtra ,Zeeshan Yaseen sange,,,,
10-08-2022,Vinayak Tatkare .Vi@gmail.com,8292581469,Maharashtra ,Vinayak Tatkare ,,,,
10-08-2022,saikat bose .sa@gmail.com,7282915040,west bengal,saikat bose ,,,,
10-08-2022,SOMENATH MONDAL.SO@gmail.com,9423521796,WEST BENGAL,SOMENATH MONDAL,,,,
10-08-2022,Vishal Kumar Sharma.Vi@gmail.com,7249397925,Jharkhand,Vishal Kumar Sharma,,,,
10-08-2022,P Charan Raj.P @gmail.com,8009199570,Telangana,P Charan Raj,,,,
10-08-2022,AAKASH KUMAR.AA@gmail.com,7834658447,UTTAR PRADESH,AAKASH KUMAR,,,,
10-08-2022,Ashwin Agarwal.As@gmail.com,9217093594,Maharashtra,Ashwin Agarwal,,,,
10-08-2022,Khushboo Narang.Kh@gmail.com,8081396594,madhya pradesh,Khushboo Narang,,,,
10-08-2022,Rani Channal.Ra@gmail.com,9422312290,Telangana,Rani Channal,,,,
10-08-2022,Pratap Singh.Pr@gmail.com,9698428110,Haryana,Pratap Singh,,,,
10-08-2022,Bharat Sopan Dandawate.Bh@gmail.com,8841966465,Maharashtra ,Bharat Sopan Dandawate,,,,
10-08-2022,Nagaraju Jaiswal.Na@gmail.com,7905894068,Telangana,Nagaraju Jaiswal,,,,
10-08-2022,Shubham Raju Varal.Sh@gmail.com,7673292253,Maharashtra,Shubham Raju Varal,,,,
10-08-2022,Harshal Chore.Ha@gmail.com,9540166008,Maharashtra ,Harshal Chore,,,,
11-08-2022,Mayank Yadav.Ma@gmail.com,9161555233,Uttar Pradesh,Mayank Yadav,,,,
10-08-2022,Arpan Sah .Ar@gmail.com,9213106343,West Bengal ,Arpan Sah ,,,,
11-08-2022,Lanka Ankith.La@gmail.com,9781510870,Maharashtra,Lanka Ankith,,,,
11-08-2022,Manish Dhurve.Ma@gmail.com,7077270605,Maharashtra,Manish Dhurve,,,,
11-08-2022,Debangshu Mondal.De@gmail.com,9249371703,West Bengal,Debangshu Mondal,,,,
11-08-2022,ankit sah.an@gmail.com,7413762342,Uttarakhand,ankit sah,,,,
11-08-2022,Gaurav budakoti.Ga@gmail.com,8740414566,Uttrakhand manpur kotdwara,Gaurav budakoti,,,,
11-08-2022,manikanta.ma@gmail.com,8173274621,Andhra Pradesh,manikanta,,,,
11-08-2022,praveen kumar.pr@gmail.com,9078044771,andhra pradesh,praveen kumar,,,,
11-08-2022,Anis Ahmad.An@gmail.com,9734561657,Uttarakhand,Anis Ahmad,,,,
11-08-2022,Ruchi Goenka.Ru@gmail.com,7289020358,Maharashtra,Ruchi Goenka,,,,
11-08-2022,Madhusudan Singh Kushwaha.Ma@gmail.com,8285665796,Uttar Pradesh,Madhusudan Singh Kushwaha,,,,
11-08-2022,Shekhar Gaikwad.Sh@gmail.com,8056258444,Maharashtra,Shekhar Gaikwad,,,,
11-08-2022,Harishankar Joshi.Ha@gmail.com,7159575345,Uttarakhand,Harishankar Joshi,,,,
11-08-2022,Gogula Monika Bala Naga Rani.Go@gmail.com,8593781093,Andhra Pradesh ,Gogula Monika Bala Naga Rani,,,,
11-08-2022,Cosmos Dsilva.Co@gmail.com,9584051699,Maharashtra,Cosmos Dsilva,,,,
11-08-2022,rahul kumar.ra@gmail.com,7372486270,bangalore,rahul kumar,,,,
11-08-2022,Jayashree Jagadish.Ja@gmail.com,9493521702,Maharashtra,Jayashree Jagadish,,,,
11-08-2022,MD AHSAN.MD@gmail.com,8775641772,Jharkhand,MD AHSAN,,,,
11-08-2022,ayush vishwakarma.ay@gmail.com,8436235166,Chhattisgarh,ayush vishwakarma,,,,
11-08-2022,Saagar Singh Chandel.Sa@gmail.com,8507830197,Uttar Pradesh,Saagar Singh Chandel,,,,
11-08-2022,bibek mohapatra.bi@gmail.com,9871149037,Odisha,bibek mohapatra,,,,
11-08-2022,Saijel Jain.Sa@gmail.com,7864636117,Punjab,Saijel Jain,,,,
12-08-2022,Inzamam Nandial.In@gmail.com,8387887446,Karnataka,Inzamam Nandial,,,,
12-08-2022,VIKASH CHANDRA.VI@gmail.com,8198921896,UTTAR PRADESH,VIKASH CHANDRA,,,,
12-08-2022,Manjeet.Ma@gmail.com,8702543090,Jharkand,Manjeet,,,,
12-08-2022,Neeraj Kumar .Ne@gmail.com,7407234985,Delhi,Neeraj Kumar ,,,,
12-08-2022,Muhammed Musthaq T M.Mu@gmail.com,8208257509,Karnataka,Muhammed Musthaq T M,,,,
12-08-2022,Dhananjay Shelke.Dh@gmail.com,9797613122,Maharashtra,Dhananjay Shelke,,,,
12-08-2022,Surbhi Srivastava.Su@gmail.com,7481683239,Uttar Pradesh,Surbhi Srivastava,,,,
12-08-2022,Mukesh Thampy.Mu@gmail.com,7637312796,Kerala,Mukesh Thampy,,,,
12-08-2022,Sankalp Kinalekar.Sa@gmail.com,9034460023,Goa,Sankalp Kinalekar,,,,
12-08-2022,Ishank Mittal.Is@gmail.com,9565714340,New Delhi,Ishank Mittal,,,,
12-08-2022,Shaik Abdul Waseem.Sh@gmail.com,8602039698,Telangana,Shaik Abdul Waseem,,,,
12-08-2022,MustaqAhmed Malik.Mu@gmail.com,7766897830,Gujarat,MustaqAhmed Malik,,,,
12-08-2022,sajida sabah.sa@gmail.com,7887673015,telangana,sajida sabah,,,,
12-08-2022,Pujitha Potharlanka.Pu@gmail.com,9041810089,Andhra Pradesh,Pujitha Potharlanka,,,,
17-08-2022,Sridevi K.Sr@gmail.com,7158829021,Karnataka ,Sridevi K,,,,
17-08-2022,Harshith Reddy Serikar.Ha@gmail.com,7681631489,Hyderabad,Harshith Reddy Serikar,,,,
17-08-2022,PAWAN KUMAR GAUTAM.PA@gmail.com,9531593691,UTTAR PRADESH,PAWAN KUMAR GAUTAM,,,,
17-08-2022,Amrut Parmar .Am@gmail.com,9126306474,Gujarat,Amrut Parmar ,,,,
17-08-2022,Neeraj kumar.Ne@gmail.com,9915173501,Uttarakhand,Neeraj kumar,,,,
17-08-2022,Digvijay Patil.Di@gmail.com,9357164960,MAHARASHTRA,Digvijay Patil,,,,
17-08-2022,P Srikanth .P @gmail.com,9115742164,Telangana ,P Srikanth ,,,,
17-08-2022,sandeep.sa@gmail.com,7927481452,delhi,sandeep,,,,
17-08-2022,Surbhi Bhope.Su@gmail.com,7410356282,Maharashtra,Surbhi Bhope,,,,
17-08-2022,Saqlain Quamar .Sa@gmail.com,9562097156,Bihar ,Saqlain Quamar ,,,,
17-08-2022,L V G Vishwanathan.L @gmail.com,8641192288,Telangana,L V G Vishwanathan,,,,
17-08-2022,Santhi Nikhila.Sa@gmail.com,8077006750,Andhra Pradesh,Santhi Nikhila,,,,
17-08-2022,Dharmeshbhai Arjunbhai Tadvi.Dh@gmail.com,7511264546,Gujarat,Dharmeshbhai Arjunbhai Tadvi,,,,
17-08-2022,Aman Jain .Am@gmail.com,7241244108,Uttar pradesh ,Aman Jain ,,,,
17-08-2022,Hrithik Mahato.Hr@gmail.com,9343333506,Jharkhand,Hrithik Mahato,,,,
17-08-2022,Kajal Singh.Ka@gmail.com,9305596070,Maharashtra,Kajal Singh,,,,
17-08-2022,Ramesh Jalindar Kudale.Ra@gmail.com,7980193942,Maharashtra,Ramesh Jalindar Kudale,,,,
17-08-2022,Manvith Aadhya B M C.Ma@gmail.com,8444210599,Karnataka,Manvith Aadhya B M C,,,,
18-08-2022,Pooja Garg.Po@gmail.com,8829439304,Uttar Pradesh,Pooja Garg,,,,
17-08-2022,Shailesh kumar Dubey .Sh@gmail.com,8829379740,Delhi,Shailesh kumar Dubey ,,,,
18-08-2022,J M Shashikiran.J @gmail.com,8553700319,Karnataka,J M Shashikiran,,,,
17-08-2022,Mahamad Afsar.Ma@gmail.com,7212654648,Telangana ,Mahamad Afsar,,,,
17-08-2022,Deepak Patial.De@gmail.com,9371135253,Punjab,Deepak Patial,,,,
17-08-2022,Roshan Tigga .Ro@gmail.com,8771045137,Madhya Pradesh ,Roshan Tigga ,,,,
17-08-2022,Neelakshi bharat Salve.Ne@gmail.com,7371864231,Maharashtra,Neelakshi bharat Salve,,,,
17-08-2022,ROHIT KOTKAR.RO@gmail.com,8336401199,Maharashtra,ROHIT KOTKAR,,,,
17-08-2022,Kiran Pattanayak.Ki@gmail.com,9641736820,Odisha,Kiran Pattanayak,,,,
17-08-2022,Sonali Patial .So@gmail.com,9044108094,Himachal Pradesh ,Sonali Patial ,,,,
17-08-2022,Parth Patidar.Pa@gmail.com,7241133773,Rajasthan,Parth Patidar,,,,
17-08-2022,Vaishali Chetan Keswad.Va@gmail.com,9010534916,Maharashtra,Vaishali Chetan Keswad,,,,
17-08-2022,Mahesh.Ma@gmail.com,7104802469,Maharashtra ,Mahesh,,,,
17-08-2022,REBA DUTTA SHARMA.RE@gmail.com,7179428700,ASSAM,REBA DUTTA SHARMA,,,,
17-08-2022,Ashok Kumar Mahapatra.As@gmail.com,7820338519,Odisha,Ashok Kumar Mahapatra,,,,
17-08-2022,Manish Kumar Sharma.Ma@gmail.com,9023264775,JHARKHAND,Manish Kumar Sharma,,,,
17-08-2022,Shashank dubey.Sh@gmail.com,7162303139,Delhi,Shashank dubey,,,,
17-08-2022,Aakash Panchal.Aa@gmail.com,7073839070,Gujarat,Aakash Panchal,,,,
17-08-2022,Anupama Tiwari.An@gmail.com,8295129954,NEW DELHI,Anupama Tiwari,,,,
17-08-2022,Durga Bawane .Du@gmail.com,9808755611,Maharashtra ,Durga Bawane ,,,,
17-08-2022,VAIBHAV.VA@gmail.com,9928337023,GUJARAT,VAIBHAV,,,,
17-08-2022,Lakshmee.La@gmail.com,8099152341,Tamilnadu,Lakshmee,,,,
17-08-2022,Vishal Vijaykumar Bind.Vi@gmail.com,9782440905,Maharashtra,Vishal Vijaykumar Bind,,,,
17-08-2022,zasang hrahsel.za@gmail.com,8341900459,delhi,zasang hrahsel,,,,
17-08-2022,Zaid khan.Za@gmail.com,8202677034,Maharashtra ,Zaid khan,,,,
17-08-2022,ABHISHEK UNIYAL.AB@gmail.com,7693842249,Uttarakhand,ABHISHEK UNIYAL,,,,
17-08-2022,Aryan Agrawal.Ar@gmail.com,8761034739,Bihar,Aryan Agrawal,,,,
17-08-2022,Farsid Hassan .Fa@gmail.com,9533528966,West Bengal ,Farsid Hassan ,,,,
17-08-2022,Alok Ghosh.Al@gmail.com,8557832400,Uttar Pradesh,Alok Ghosh,,,,
18-08-2022,Muthukumar k.Mu@gmail.com,7810565613,Karnataka ,Muthukumar k,,,,
17-08-2022,Pratik Shekhar.Pr@gmail.com,7047738227,Karnataka,Pratik Shekhar,,,,
18-08-2022,nagarjuna korrapati.na@gmail.com,9248662770,Andhra Pradesh,nagarjuna korrapati,,,,
18-08-2022,Suraj Waghela.Su@gmail.com,9664962553,MAHARASHTRA,Suraj Waghela,,,,
18-08-2022,P RAJAREDDY.P @gmail.com,8565725824,KARNATAKA,P RAJAREDDY,,,,
18-08-2022,sonal singh.so@gmail.com,7190808286,delhi,sonal singh,,,,
18-08-2022,Nalini Deepak.Na@gmail.com,8522876422,Karnataka,Nalini Deepak,,,,
18-08-2022,Dipali Dinesh Gupta .Di@gmail.com,7167785048,Maharashtra ,Dipali Dinesh Gupta ,,,,
18-08-2022,INDRAJIT HANSDA.IN@gmail.com,8233921989,West Bengal,INDRAJIT HANSDA,,,,
18-08-2022,Srikant kumar pradhan.Sr@gmail.com,9192555659,Odisha,Srikant kumar pradhan,,,,
18-08-2022,vidhushi singh.vi@gmail.com,8919850427,DELHI,vidhushi singh,,,,
18-08-2022,Parveen Bakhla.Pa@gmail.com,9197406770,Jharkhand,Parveen Bakhla,,,,
19-08-2022,Upendra sahu.Up@gmail.com,9877171879,ODISHA,Upendra sahu,,,,
19-08-2022,Ryan Lemos.Ry@gmail.com,7703750024,Maharashtra,Ryan Lemos,,,,
19-08-2022,SUDHIR Biswal.SU@gmail.com,7773044594,Haryana,SUDHIR Biswal,,,,
19-08-2022,Mohamed iliyas.Mo@gmail.com,9273271607,Maharashtra ,Mohamed iliyas,,,,
19-08-2022,Varun Tandel.Va@gmail.com,8920629761,Maharashtra,Varun Tandel,,,,
20-08-2022,Nandini Koti.Na@gmail.com,8351892894,Bangalore,Nandini Koti,,,,
19-08-2022,Akshay Rangari.Ak@gmail.com,7139816236,Maharashtra,Akshay Rangari,,,,
19-08-2022,Diptee Singh.Di@gmail.com,7201372362,Uttar Pradesh,Diptee Singh,,,,
20-08-2022,SYED UMER AHMED.SY@gmail.com,9372974360,Telangana,SYED UMER AHMED,,,,
20-08-2022,mohammed muddasir.mo@gmail.com,8604590626,ANDHRA PRADESH,mohammed muddasir,,,,
20-08-2022,Mayank Shukla.Ma@gmail.com,9438269234,Madhya Pradesh,Mayank Shukla,,,,
20-08-2022,Tanpreet kaur.Ta@gmail.com,8378258352,Punjab,Tanpreet kaur,,,,
20-08-2022,Kshitij Dhameja.Ks@gmail.com,9034776554,Rajasthan,Kshitij Dhameja,,,,
22-08-2022,Chitra Srivastava.Ch@gmail.com,8025468254,Uttar Pradesh,Chitra Srivastava,,,,
20-08-2022,Deepti Ganesh Revankar.De@gmail.com,7138256952,Karnataka,Deepti Ganesh Revankar,,,,
20-08-2022,AAKASH TODRIYA.AA@gmail.com,8615817974,Uttarakhand ,AAKASH TODRIYA,,,,
20-08-2022,Ngamboi Haokip.Ng@gmail.com,9558190100,Manipur,Ngamboi Haokip,,,,
20-08-2022,Khitish kumar khatua .Kh@gmail.com,7054352228,Odisha ,Khitish kumar khatua ,,,,
20-08-2022,Aayush Rana.Aa@gmail.com,8424049461,Haryana,Aayush Rana,,,,
20-08-2022,Aftab Hussain .Af@gmail.com,7922023102,Assam,Aftab Hussain ,,,,
20-08-2022,Narmadha Devi.Na@gmail.com,9752373098,TAMILNADU,Narmadha Devi,,,,
20-08-2022,Shamshad Ali Aalam Ali.Sh@gmail.com,9258598214,Maharashtra,Shamshad Ali Aalam Ali,,,,
20-08-2022,RUBI KUMARI.RU@gmail.com,7320513804,BIHAR,RUBI KUMARI,,,,
20-08-2022,Hiren Rameshbhai Khalasi.Hi@gmail.com,7152845820,Gujarat,Hiren Rameshbhai Khalasi,,,,
20-08-2022,krishnanj.kr@gmail.com,8122190911,karnataka,krishnanj,,,,
22-08-2022,Mohammed Asif pasha.Mo@gmail.com,9167692980,Telangana,Mohammed Asif pasha,,,,
22-08-2022,Priyanka Rajendra Bhaidkar.Pr@gmail.com,8937358862,MAHARASHTRA,Priyanka Rajendra Bhaidkar,,,,
22-08-2022,JEET GOLCHHA.JE@gmail.com,8510167088,West Bengal,JEET GOLCHHA,,,,
22-08-2022,Aman kumar.Am@gmail.com,9681518442,Bihar,Aman kumar,,,,
22-08-2022,Ankit kumar .An@gmail.com,7194746487,Bihar,Ankit kumar ,,,,
22-08-2022,DEV MISHRA.DE@gmail.com,7601657932,Delhi,DEV MISHRA,,,,
22-08-2022,Virendra Pratap.Vi@gmail.com,9209443541,Haryana,Virendra Pratap,,,,
22-08-2022,RAHUL PRAKASH.RA@gmail.com,9380953675,Bihar,RAHUL PRAKASH,,,,
22-08-2022,Suraj Beloshe.Su@gmail.com,9601323872,Maharashtra,Suraj Beloshe,,,,
22-08-2022,Prathamesh Jagtap.Pr@gmail.com,8746181545,Maharashtra,Prathamesh Jagtap,,,,
22-08-2022,Dhruv Kapoor .Dh@gmail.com,8549780431,Delhi,Dhruv Kapoor ,,,,
22-08-2022,Kartik Vashist.Ka@gmail.com,7062018885,Delhi,Kartik Vashist,,,,
22-08-2022,Sudharson.Su@gmail.com,7009420469,Tamilnadu,Sudharson,,,,
22-08-2022,Anudeep Lakra.An@gmail.com,7951031142,Odhisa,Anudeep Lakra,,,,
22-08-2022,Abheer jhanwar.Ab@gmail.com,8361432174,Rajasthan,Abheer jhanwar,,,,
23-08-2022,SANKIT BINKAR.SA@gmail.com,9941913668,Maharashtra,SANKIT BINKAR,,,,
22-08-2022,Sahil Aggarwal.Sa@gmail.com,7199059230,Uttar Pradesh,Sahil Aggarwal,,,,
22-08-2022,Nadeem saifi.Na@gmail.com,8932735556,Uttrakhand ,Nadeem saifi,,,,
22-08-2022,Bhavya Rayavarapu.Bh@gmail.com,8750079439,Andhra Pradesh,Bhavya Rayavarapu,,,,
22-08-2022,Rajesh Kumar Verma.Ra@gmail.com,9891384133,Uttar Pradesh,Rajesh Kumar Verma,,,,
22-08-2022,GAURAV KUMAR.GA@gmail.com,9279316085,Delhi,GAURAV KUMAR,,,,
23-08-2022,Pushpender.Pu@gmail.com,9861900797,Haryana,Pushpender,,,,
22-08-2022,Adil Raza.Ad@gmail.com,7933004264,Madhya Pradesh ,Adil Raza,,,,
22-08-2022,Harry Roy.Ha@gmail.com,7366399638,Rajasthan,Harry Roy,,,,
22-08-2022,abhishek kumar.ab@gmail.com,8457257688,bihar,abhishek kumar,,,,
24-08-2022,Sadik khan.Sa@gmail.com,8770630372,Up,Sadik khan,,,,
23-08-2022,BIBHUTI DEBNATH.BI@gmail.com,9733608948,WEST BENGAL,BIBHUTI DEBNATH,,,,
23-08-2022,SARANG DHURWEY.SA@gmail.com,8475071189,MADHYA PRADESH,SARANG DHURWEY,,,,
23-08-2022,Shaik sanjuda .Sh@gmail.com,7963320273,Andhra pradesh ,Shaik sanjuda ,,,,
23-08-2022,Syed Oqail Ashrafi.Sy@gmail.com,8380349856,Bihar,Syed Oqail Ashrafi,,,,
23-08-2022,Righa Jhanji.Ri@gmail.com,7229352372,Delhi,Righa Jhanji,,,,
23-08-2022,BABINA DASH.BA@gmail.com,7818191192,Orissa,BABINA DASH,,,,
24-08-2022,Suresh Kasiraboina.Su@gmail.com,7869244676,Telangana,Suresh Kasiraboina,,,,
24-08-2022,Kiran.Ki@gmail.com,8007882823,V,Kiran,,,,
24-08-2022,Sagar kumar Jha.Sa@gmail.com,7166543479,jharkhand,Sagar kumar Jha,,,,
24-08-2022,Jitendra Kumar .Ji@gmail.com,8221771216,Bihar ,Jitendra Kumar ,,,,
24-08-2022,MD subhan.MD@gmail.com,8262911492,Karnataka,MD subhan,,,,
24-08-2022,Deepak p.De@gmail.com,8406228302,KERALA,Deepak p,,,,
24-08-2022,DEMAN LAL SAHU.DE@gmail.com,9618280444,GUJARAT,DEMAN LAL SAHU,,,,
25-08-2022,ABHISHEK TRIPATHI.AB@gmail.com,7587860117,CHATTISGHAR,ABHISHEK TRIPATHI,,,,
25-08-2022,AKSHAY AMBOLIKAR.AK@gmail.com,7404409356,MAHARASHTRA,AKSHAY AMBOLIKAR,,,,
25-08-2022,Padmashree B E.Pa@gmail.com,9077115133,Tamilnadu,Padmashree B E,,,,
25-08-2022,G Shivani.G @gmail.com,8484880807,Telangana,G Shivani,,,,
25-08-2022,Khan Farid.Kh@gmail.com,9378828046,Maharashtra,Khan Farid,,,,
25-08-2022,Nitin Kumar Dayashankar Kewat.Ni@gmail.com,7641702283,Maharashtra,Nitin Kumar Dayashankar Kewat,,,,
25-08-2022,Rajesh Mishra.Ra@gmail.com,9205741875,West Bengal,Rajesh Mishra,,,,
26-08-2022,AKASH HARH.AK@gmail.com,9235818173,WEST BENGAL,AKASH HARH,,,,
26-08-2022,NAVEEN DUBEY.NA@gmail.com,9468724809,Uttar Pradesh,NAVEEN DUBEY,,,,
26-08-2022,HansRaj.Ha@gmail.com,9436759077,rajasthan,HansRaj,,,,
26-08-2022,Nilkamal Kalita.Ni@gmail.com,7967868846,Assam,Nilkamal Kalita,,,,
26-08-2022,Shayeed Anwar.Sh@gmail.com,8203009999,Jharkhand,Shayeed Anwar,,,,
26-08-2022,Anjali Aher.An@gmail.com,9252002084,Maharashtra,Anjali Aher,,,,
26-08-2022,Himanshu Garg.Hi@gmail.com,7248311967,Uttar Pradesh,Himanshu Garg,,,,
29-08-2022,Dhaval Patel.Dh@gmail.com,7841859124,Gujarat,Dhaval Patel,,,,
29-08-2022,Amit Kumar.Am@gmail.com,7336851316,Delhi,Amit Kumar,,,,
29-08-2022,Harshdeep Bagga.Ha@gmail.com,7851716300,Uttarakhand ,Harshdeep Bagga,,,,
30-08-2022,Ananya Gupta.An@gmail.com,8909557305,MADHYA PRADESH,Ananya Gupta,,,,
29-08-2022,Vijay Borade.Vi@gmail.com,9670083521,Maharashtra,Vijay Borade,,,,
29-08-2022,Prayag devgharkar .Pr@gmail.com,7711861574,Maharashtra ,Prayag devgharkar ,,,,
29-08-2022,Rucha Sunil Mahadik.Ru@gmail.com,8045857437,Maharashtra ,Rucha Sunil Mahadik,,,,
29-08-2022,Ashwani Kumar Maurya .As@gmail.com,7901885047,Uttar Pradesh,Ashwani Kumar Maurya ,,,,
29-08-2022,NUNNNA MAHESH KUMAR.NU@gmail.com,8861534628,ANDHRA PRADESH,NUNNNA MAHESH KUMAR,,,,
29-08-2022,Ravi Kumar.Ra@gmail.com,7208145829,Karnataka,Ravi Kumar,,,,
29-08-2022,sachin mahadev ingle.sa@gmail.com,9510522048,MAHARASHTRA,sachin mahadev ingle,,,,
29-08-2022,Anisetty Bhanu Prakash.An@gmail.com,9916032453,Andhra Pradesh,Anisetty Bhanu Prakash,,,,
29-08-2022,Mayur Mekha.Ma@gmail.com,9999074797,Maharashtra,Mayur Mekha,,,,
29-08-2022,Rishabh Gupta.Ri@gmail.com,9671303011,Uttar Pradesh,Rishabh Gupta,,,,
29-08-2022,Srikanta Murmu.Sr@gmail.com,9690717644,West Bengal,Srikanta Murmu,,,,
29-08-2022,B Naveen.B @gmail.com,7086858500,Andhra Pradesh,B Naveen,,,,
30-08-2022,Pranav Prashant Gole.Pr@gmail.com,8403321736,Maharashtra,Pranav Prashant Gole,,,,
29-08-2022,Humayun Kabir.Hu@gmail.com,8866059503,Tripura,Humayun Kabir,,,,
30-08-2022,Lamlunmang Haokip.La@gmail.com,7291064136,New Delhi,Lamlunmang Haokip,,,,
29-08-2022,TIRUMALA RAO.TI@gmail.com,8988601650,TELANGANA,TIRUMALA RAO,,,,
29-08-2022,Aiswarya P.Ai@gmail.com,9897955476,Kerala,Aiswarya P,,,,
29-08-2022,VENUGOPAL AM.VE@gmail.com,7977890710,Karnataka ,VENUGOPAL AM,,,,
29-08-2022,Purva Bhagwan Chavan .Pu@gmail.com,7916479180,Maharashtra ,Purva Bhagwan Chavan ,,,,
29-08-2022,Aditya Awasthi.Ad@gmail.com,7133865445,Uttar Pradesh,Aditya Awasthi,,,,
30-08-2022,APPALA NANDEESWAR REDDY.AP@gmail.com,8821497101,Andhra Pradesh,APPALA NANDEESWAR REDDY,,,,
30-08-2022,DEBJYOTI BARMAN.DE@gmail.com,7558610528,WEST BENGAL,DEBJYOTI BARMAN,,,,
30-08-2022,Dimple.Di@gmail.com,8958839108,Rajasthan,Dimple,,,,
01-08-2022,Samir Ghorai.Sa@gmail.com,7006656496,West Bengal,Samir Ghorai,,,,
01-08-2022,Pradosh Preetam.Pr@gmail.com,8613068655,ODISHA,Pradosh Preetam,,,,
01-08-2022,Debasish Sahoo.De@gmail.com,8102944194,Odisha,Debasish Sahoo,,,,
01-08-2022,Deepanshu singh .De@gmail.com,7126242400,Delhi ,Deepanshu singh ,,,,
01-08-2022,Jay Jadhav.Ja@gmail.com,8378413879,Maharashtra,Jay Jadhav,,,,
01-08-2022,Pravin Raju Kamble.Pr@gmail.com,7434689502,Maharashtra,Pravin Raju Kamble,,,,
01-08-2022,James Fernandes.Ja@gmail.com,9416269171,Maharashtra,James Fernandes,,,,
01-08-2022,Swapnil Sandip Adsure.Sw@gmail.com,8195651401,Maharashtra,Swapnil Sandip Adsure,,,,
01-08-2022,Phurailatpam Dickson Sharma .Ph@gmail.com,8192895405,Manipur,Phurailatpam Dickson Sharma ,,,,
01-08-2022,Abhishek Narnaware .Ab@gmail.com,7020489565,Maharashtra ,Abhishek Narnaware ,,,,
01-08-2022,Amey Tarode.Am@gmail.com,8918410536,Maharashtra,Amey Tarode,,,,
01-08-2022,NAGARAJA SL.NA@gmail.com,9805014661,KARNATAKA,NAGARAJA SL,,,,
01-08-2022,S NIDHEESH SHETTY.S @gmail.com,9841675945,KARNATAKA,S NIDHEESH SHETTY,,,,
01-08-2022,Cameron Kurapati.Ca@gmail.com,7495322189,Telangana,Cameron Kurapati,,,,
01-08-2022,Vignesh Karthi.Vi@gmail.com,8154250481,TAMILNADU,Vignesh Karthi,,,,
01-08-2022,Ashok M.As@gmail.com,9576110167,Tamilnadu,Ashok M,,,,
01-08-2022,Harshal Avinash Selote.Ha@gmail.com,9321529501,MAHARASHTRA,Harshal Avinash Selote,,,,
01-08-2022,Manoranjan Swain.Ma@gmail.com,8116063963,Odisha,Manoranjan Swain,,,,
01-08-2022,Nisha Sharma .Ni@gmail.com,9184690769,Delhi,Nisha Sharma ,,,,
01-08-2022,Yash Jaiswal.Ya@gmail.com,8656892663,Maharashtra,Yash Jaiswal,,,,
01-08-2022,Rajib Borah.Ra@gmail.com,8094245828,Assam,Rajib Borah,,,,
02-08-2022,Sudarshan K.Su@gmail.com,7847716225,Karnataka,Sudarshan K,,,,
01-08-2022,Dhanraj .Dh@gmail.com,7091818830,Karnataka ,Dhanraj ,,,,
01-08-2022,Chetan Khandode.Ch@gmail.com,9681035576,Maharashtra,Chetan Khandode,,,,
01-09-2022,Somiya hooda.So@gmail.com,7173334659,Haryana,Somiya hooda,,,,
02-09-2022,Pragti.Pr@gmail.com,7650695161,Delhi,Pragti,,,,
01-09-2022,Mohammad Kaish .Mo@gmail.com,9017274336,Uttar Pradesh ,Mohammad Kaish ,,,,
02-09-2022,Dheeraj Kumar.Dh@gmail.com,9922513086,Jharkhand,Dheeraj Kumar,,,,
01-08-2022,Devasena .De@gmail.com,9335991749,Karnataka,Devasena ,,,,
01-08-2022,SACHIN SHARMA.SA@gmail.com,8798471710,DELHI,SACHIN SHARMA,,,,
01-08-2022,Vishwanath Hiremath.Vi@gmail.com,8429901844,Karnataka,Vishwanath Hiremath,,,,
01-08-2022,Dhirendra kumar.Dh@gmail.com,9607582591,Bihar,Dhirendra kumar,,,,
01-08-2022,Soundarya lakshmi p.So@gmail.com,9777777020,Andhra Pradesh,Soundarya lakshmi p,,,,
01-08-2022,Siddhhesh Rajpure.Si@gmail.com,7085114937,Maharashtra,Siddhhesh Rajpure,,,,
02-08-2022,Hemant Chauhan .He@gmail.com,7555488489,Haryana ,Hemant Chauhan ,,,,
01-08-2022,Ashifhusen Altafhusen Malek.As@gmail.com,9135317677,GUJARAT,Ashifhusen Altafhusen Malek,,,,
01-08-2022,Manoja S S.Ma@gmail.com,9519131020,Karnataka,Manoja S S,,,,
01-08-2022,Udai Kumari Jamatia .Ud@gmail.com,7204679596,Maharashtra ,Udai Kumari Jamatia ,,,,
01-08-2022,Kawal Kaur.Ka@gmail.com,9126330844,PUNJAB,Kawal Kaur,,,,
01-08-2022,Anirban Sikdar.An@gmail.com,8235189027,West Bengal,Anirban Sikdar,,,,
01-08-2022,SINGIREDDY MAHESWAR REDDY.SI@gmail.com,8242391444,TELANGANA,SINGIREDDY MAHESWAR REDDY,,,,
01-08-2022,Chetan Chandrashekhar Saraf.Ch@gmail.com,8585754767,Maharashtra,Chetan Chandrashekhar Saraf,,,,
01-08-2022,Rajib Utthasini .Ra@gmail.com,9986289700,West Bengal ,Rajib Utthasini ,,,,
01-08-2022,Shashank Kumar Verma .Sh@gmail.com,9601487955,Uttar Pradesh,Shashank Kumar Verma ,,,,
01-08-2022,Rohit Goswami .Ro@gmail.com,8689122817,Gujarat ,Rohit Goswami ,,,,
01-08-2022,Ayushi yadav.Ay@gmail.com,8165614689,Uttar pradesh,Ayushi yadav,,,,
01-08-2022,Pratishtha Rawat.Pr@gmail.com,7321489157,Uttar Pradesh,Pratishtha Rawat,,,,
01-08-2022,Pratap Barman .Pr@gmail.com,9326133348,West Bengal,Pratap Barman ,,,,
01-09-2022,Zaid Khan.Za@gmail.com,9784365506,Uttar Pradesh,Zaid Khan,,,,
01-09-2022,Mohd Shahid.Mo@gmail.com,7983304800,Uttar Pradesh,Mohd Shahid,,,,
02-09-2022,Faraz Ahmad khan.Fa@gmail.com,8883437167,Uttar Pradesh ,Faraz Ahmad khan,,,,
01-09-2022,Ankit Tripathi.An@gmail.com,9677418771,Kolkata ,Ankit Tripathi,,,,
,,,,,,,,
,,,,,,,,
,,,,,,,,
,,,,,,,,
,,,,,,,,
,,,,,,,,
,,,,,,,,
,,,,,,,,
